population,algorithm,allowed_miss,injected_miss,totAccuracy,minHom,majHom,hetAcc
alfalfa,beagle unphased,0.1,0.01,0.744492690631374,0.190972222222222,0.991639580587537,0.271393872687973
alfalfa,beagle unphased,0.1,0.05,0.73726764234104,0.178100328739028,0.991608720182965,0.249982959690538
alfalfa,beagle unphased,0.1,0.1,0.730453325872027,0.175949302229988,0.992788406225445,0.228014041010521
alfalfa,beagle unphased,0.1,0.2,0.709187308412879,0.119330198563232,0.995657465915641,0.163762652760577
alfalfa,beagle unphased,0.2,0.01,0.749723600355941,0.202031746031746,0.991410022397597,0.275547505992435
alfalfa,beagle unphased,0.2,0.05,0.738951676707224,0.146110231677157,0.99286436648644,0.251459558379025
alfalfa,beagle unphased,0.2,0.1,0.729062849410097,0.1490218871646,0.993368902642489,0.221204472019966
alfalfa,beagle unphased,0.2,0.2,0.711772395357098,0.118616089654628,0.995570978988592,0.163779943386307
alfalfa,beagle unphased,0.4,0.01,0.741086526205792,0.149652736926457,0.992785093838192,0.233526295835993
alfalfa,beagle unphased,0.4,0.05,0.740281394638956,0.15812221562512,0.992944372113232,0.226141303789603
alfalfa,beagle unphased,0.4,0.1,0.731589421316287,0.133638965197562,0.994172317968893,0.202296073759718
alfalfa,beagle unphased,0.4,0.2,0.714116404267242,0.108042505053369,0.995951005056105,0.144926535088417
alfalfa,beagle unphased,0.7,0.01,0.739872516487232,0.113249180111337,0.992898723753189,0.2110422086234
alfalfa,beagle unphased,0.7,0.05,0.737839853691726,0.126842747059848,0.994294527607824,0.194864914825038
alfalfa,beagle unphased,0.7,0.1,0.731387497196195,0.120287142631181,0.995197462036748,0.16807228204684
alfalfa,beagle unphased,0.7,0.2,0.715208349912676,0.0924636850642135,0.996520983991588,0.117941397820515
alfalfa,beagle unphased (shuffle),0.1,0.01,0.657326340738722,0.0111111111111111,0.998303259198646,0.0102853298141267
alfalfa,beagle unphased (shuffle),0.1,0.05,0.651391071829524,0.00427996956358301,0.998720095536704,0.00842267164101111
alfalfa,beagle unphased (shuffle),0.1,0.1,0.652093377136447,0.0190519422984558,0.99876015716103,0.00856638138858215
alfalfa,beagle unphased (shuffle),0.1,0.2,0.651236391080238,0.0235010127862514,0.998995486275337,0.00377747208715871
alfalfa,beagle unphased (shuffle),0.2,0.01,0.657273348055715,0.00577200577200577,0.99896435706229,0.00980225987455526
alfalfa,beagle unphased (shuffle),0.2,0.05,0.659395307015443,0.00555843858019221,0.998650767030899,0.00738090659520455
alfalfa,beagle unphased (shuffle),0.2,0.1,0.656634526465309,0.0153452808170304,0.998585259744747,0.00556250739429526
alfalfa,beagle unphased (shuffle),0.2,0.2,0.65506649685258,0.0255957012339892,0.998841004855014,0.00281930875320361
alfalfa,beagle unphased (shuffle),0.4,0.01,0.662434458663182,0.00899425984315628,0.99898670952397,0.00539656339749388
alfalfa,beagle unphased (shuffle),0.4,0.05,0.665851642780426,0.0110873984701096,0.998665734221747,0.00480868163379361
alfalfa,beagle unphased (shuffle),0.4,0.1,0.666938263390033,0.0113284279062824,0.998915726603268,0.00355467129066482
alfalfa,beagle unphased (shuffle),0.4,0.2,0.665789352265142,0.0227586846777462,0.998867839456104,0.00196273168795376
alfalfa,beagle unphased (shuffle),0.7,0.01,0.679266305674804,0.00143056643618652,0.998810846134274,0.00311895975634376
alfalfa,beagle unphased (shuffle),0.7,0.05,0.678204446570847,0.00404225000346662,0.998896861113998,0.0021089321418776
alfalfa,beagle unphased (shuffle),0.7,0.1,0.678416881475951,0.0141332686028834,0.998757484598842,0.00190955304423239
alfalfa,beagle unphased (shuffle),0.7,0.2,0.676960319993096,0.0256507414957175,0.998528370866307,0.000743387036091814
alfalfa,kNNI,0.1,0.01,0.837173278953188,0.166245791245791,0.915564836529099,0.693921487483519
alfalfa,kNNI,0.1,0.05,0.836034292623358,0.164470969643383,0.910440222482191,0.701113760193044
alfalfa,kNNI,0.1,0.1,0.83019586799701,0.147739895753226,0.908668389439892,0.689743941403424
alfalfa,kNNI,0.1,0.2,0.824395129621363,0.140673534563437,0.906324479294675,0.674994688380187
alfalfa,kNNI,0.2,0.01,0.83706151392905,0.1526369168357,0.912282591657459,0.697055676444158
alfalfa,kNNI,0.2,0.05,0.83313053564641,0.158301082450936,0.913490396352543,0.68906335513091
alfalfa,kNNI,0.2,0.1,0.830508258957672,0.158985047555553,0.912388852530118,0.683342104870753
alfalfa,kNNI,0.2,0.2,0.82232786629806,0.138244679081387,0.908066955084337,0.665639217200331
alfalfa,kNNI,0.4,0.01,0.839018785862882,0.137569144502538,0.921528777964403,0.682223519805749
alfalfa,kNNI,0.4,0.05,0.831822060316479,0.161738532837583,0.918700419368387,0.671425464702564
alfalfa,kNNI,0.4,0.1,0.825082207589364,0.15148321440319,0.912837595419533,0.661358432257054
alfalfa,kNNI,0.4,0.2,0.816091915812746,0.13500585799297,0.908762769342256,0.642243716778214
alfalfa,kNNI,0.7,0.01,0.807472699942128,0.153315699981107,0.900304240645819,0.625375562237878
alfalfa,kNNI,0.7,0.05,0.801952034752116,0.136767191783741,0.899719914434834,0.609451897000535
alfalfa,kNNI,0.7,0.1,0.797174853639454,0.13200655768356,0.895185422608273,0.601582827278855
alfalfa,kNNI,0.7,0.2,0.783298082912968,0.113152364399247,0.886607061280738,0.575958282062974
alfalfa,MNI,0.1,0.01,0.787170911249992,0,0.888920439821019,0.59876578468783
alfalfa,MNI,0.1,0.05,0.785435624923286,0,0.885864782422894,0.596298574635319
alfalfa,MNI,0.1,0.1,0.786135223091947,0,0.88741458938161,0.598075342796262
alfalfa,MNI,0.1,0.2,0.786169457328655,0,0.88806175311042,0.59895399516518
alfalfa,MNI,0.2,0.01,0.783173156482785,0,0.884312858640236,0.599577923993982
alfalfa,MNI,0.2,0.05,0.783156435545836,0,0.885093230154962,0.594194494346889
alfalfa,MNI,0.2,0.1,0.782001457324795,0,0.884681128829997,0.593110280005167
alfalfa,MNI,0.2,0.2,0.782900346676553,0,0.88592837399881,0.591447865542458
alfalfa,MNI,0.4,0.01,0.786048161937922,0,0.889776755750302,0.58823139117378
alfalfa,MNI,0.4,0.05,0.783239980605001,0,0.887332777889083,0.586466719675059
alfalfa,MNI,0.4,0.1,0.781887150957947,0,0.884764297340777,0.58661761135671
alfalfa,MNI,0.4,0.2,0.782608212170377,0,0.886476600928502,0.584839255666219
alfalfa,MNI,0.7,0.01,0.780746833340801,0,0.883179939648386,0.576998374800458
alfalfa,MNI,0.7,0.05,0.785240488321852,0,0.890452547054197,0.57995533534211
alfalfa,MNI,0.7,0.1,0.78313108266009,0,0.88920278337436,0.574138503196164
alfalfa,MNI,0.7,0.2,0.781977264495245,0,0.88833505230664,0.572985923993899
alfalfa,RFI_pvariables,0.1,0.01,0.793057022847169,0,0.889290351857926,0.621691655886433
alfalfa,RFI_pvariables,0.1,0.05,0.805595313998497,0,0.896407526675054,0.637861886479195
alfalfa,RFI_pvariables,0.1,0.1,0.79963367295835,0,0.891806616822796,0.631565181745247
alfalfa,RFI_pvariables,0.1,0.2,0.798271286117394,0,0.892178594347746,0.624295173330319
alfalfa,RFI_pvariables,0.2,0.01,0.797456144790716,0,0.892849182394854,0.626850193109887
alfalfa,RFI_pvariables,0.2,0.05,0.798354912189335,0,0.891818140720444,0.628655916155271
alfalfa,RFI_pvariables,0.2,0.1,0.795455192445104,0,0.890681601496291,0.621241738622889
alfalfa,RFI_pvariables,0.2,0.2,0.792827708060222,0,0.888743251998789,0.617173630153545
alfalfa,RFI_pvariables,0.4,0.01,0.797314451740196,0,0.888109661324229,0.629621321805094
alfalfa,RFI_pvariables,0.4,0.05,0.794705435609729,0,0.891867954319833,0.61372400234706
alfalfa,RFI_pvariables,0.4,0.1,0.792549113981869,0,0.88985897743645,0.610823679419271
alfalfa,RFI_pvariables,0.4,0.2,0.791132365913906,0,0.888378247587256,0.609587061752159
alfalfa,RFI_pvariables,0.7,0.01,0.794280360487841,0,0.892416803298608,0.605745513719913
alfalfa,RFI_pvariables,0.7,0.05,0.790982019773316,0,0.889356595802559,0.602230664717934
alfalfa,RFI_pvariables,0.7,0.1,0.790982014131515,0.00017636684303351,0.888638117328094,0.602510160606593
alfalfa,RFI_pvariables,0.7,0.2,0.78767634119807,0,0.886012181370134,0.597014244551251
alfalfa,SVD,0.1,0.01,0.781602889534925,0.0208333333333333,0.860502119223407,0.637083813182306
alfalfa,SVD,0.1,0.05,0.784338330241389,0.0401714513556619,0.863990193165921,0.639402125843476
alfalfa,SVD,0.1,0.1,0.77941631691705,0.0323213758990765,0.860373718258643,0.630989757609253
alfalfa,SVD,0.1,0.2,0.773352105158861,0.0267599576836076,0.856733557917502,0.622018687003026
alfalfa,SVD,0.2,0.01,0.784642506689919,0.0406070549630845,0.863862097440132,0.644087554422852
alfalfa,SVD,0.2,0.05,0.779860746148346,0.0117850620013458,0.862128565892433,0.629912695453368
alfalfa,SVD,0.2,0.1,0.774326481941854,0.0245836599220058,0.860552415872567,0.617658350896341
alfalfa,SVD,0.2,0.2,0.771048750501778,0.0269415454509618,0.853674438666935,0.62080796339595
alfalfa,SVD,0.4,0.01,0.775242285818305,0.0287508261731659,0.862767562446426,0.617680498821316
alfalfa,SVD,0.4,0.05,0.773759730918421,0.0521304854579459,0.859305225249003,0.615312360813539
alfalfa,SVD,0.4,0.1,0.771658454758035,0.0525642564992409,0.858252062934642,0.609923174618424
alfalfa,SVD,0.4,0.2,0.766707917733018,0.0506479564450579,0.852232299365848,0.60768199919052
alfalfa,SVD,0.7,0.01,0.768319891141884,0.0651794884043087,0.855587599189961,0.598959724792285
alfalfa,SVD,0.7,0.05,0.767426581120818,0.0729934984033031,0.856866754080788,0.59468980642013
alfalfa,SVD,0.7,0.1,0.765747215431323,0.077973332181427,0.85416643554422,0.593577807751532
alfalfa,SVD,0.7,0.2,0.759782868830185,0.0903510504074702,0.847960122023973,0.587803985871905
rice,beagle unphased,0.1,0.01,0.99424830315696,0.9679769894535,0.997052562633044,NA
rice,beagle unphased,0.1,0.05,0.995473199576371,0.973668001231906,0.997776061148154,NA
rice,beagle unphased,0.1,0.1,0.995124858095326,0.972350297085117,0.997539141634264,NA
rice,beagle unphased,0.1,0.2,0.994430260965825,0.968266891438861,0.997198161426435,NA
rice,beagle unphased,0.2,0.01,0.99698201949929,0.980608527962288,0.998630299500653,NA
rice,beagle unphased,0.2,0.05,0.996748866008369,0.98016810298968,0.998424110041407,NA
rice,beagle unphased,0.2,0.1,0.996394736627716,0.979061400065218,0.998141047240514,NA
rice,beagle unphased,0.2,0.2,0.995807314940908,0.975455117472032,0.997855554762509,NA
rice,beagle unphased,0.4,0.01,0.997369165959006,0.986179832793039,0.998579230939553,NA
rice,beagle unphased,0.4,0.05,0.996998026521095,0.983407117413422,0.998450496777544,NA
rice,beagle unphased,0.4,0.1,0.996798318197661,0.98198126233867,0.998375433394895,NA
rice,beagle unphased,0.4,0.2,0.99589135514243,0.97649558651373,0.997958048953409,NA
rice,beagle unphased,0.7,0.01,0.996053054459182,0.977415011780545,0.998292970029893,NA
rice,beagle unphased,0.7,0.05,0.995881434822046,0.976684586221544,0.998167853380891,NA
rice,beagle unphased,0.7,0.1,0.995211694904975,0.972521092963852,0.997920017481815,NA
rice,beagle unphased,0.7,0.2,0.993412286955876,0.959488868653988,0.997455141018325,NA
rice,beagle unphased (shuffle),0.1,0.1,0.945793055377222,0.648320378893493,0.977400889191915,NA
rice,beagle unphased (shuffle),0.1,0.2,0.942290526215358,0.617622793553338,0.976621772001919,NA
rice,beagle unphased (shuffle),0.2,0.1,0.94629597803288,0.632617816579081,0.978141147820999,NA
rice,beagle unphased (shuffle),0.2,0.2,0.942529963456582,0.595936770578008,0.977537032372816,NA
rice,beagle unphased (shuffle),0.4,0.1,0.939114360746918,0.588319819357487,0.97650022971071,NA
rice,beagle unphased (shuffle),0.4,0.2,0.93516137376517,0.544702524397956,0.97676786900791,NA
rice,beagle unphased (shuffle),0.7,0.01,0.927273319437207,0.519907281156259,0.975655870445344,NA
rice,beagle unphased (shuffle),0.7,0.05,0.925267399546144,0.502682724867547,0.97571057770349,NA
rice,beagle unphased (shuffle),0.7,0.1,0.923729403240963,0.482451058325811,0.976318413472191,NA
rice,beagle unphased (shuffle),0.7,0.2,0.920361335784507,0.430986067180086,0.978635510707486,NA
rice,kNNI,0.1,0.01,0.986150151715408,0.908509788254095,0.994128877301747,NA
rice,kNNI,0.1,0.05,0.984571466409647,0.897554099359951,0.993871800509801,NA
rice,kNNI,0.1,0.1,0.983706437094449,0.890465674507921,0.993551932291234,NA
rice,kNNI,0.2,0.01,0.986515509615667,0.915754807181557,0.993711914948788,NA
rice,kNNI,0.2,0.05,0.984898683540053,0.908577014620877,0.992619600946789,NA
rice,kNNI,0.2,0.1,0.98307011866657,0.897376255054897,0.991713887498722,NA
rice,kNNI,0.2,0.2,0.977674600078034,0.86585248991152,0.98895177717574,NA
rice,kNNI,0.4,0.01,0.981229292940486,0.902281434044256,0.989699702463115,NA
rice,kNNI,0.4,0.05,0.979473171460361,0.895232556813647,0.988452394842775,NA
rice,MNI,0.1,0.01,0.903314099718893,0.00153491941673062,0.999508800654932,NA
rice,MNI,0.1,0.05,0.904641912728818,0.00296108291032149,0.999558758045581,NA
rice,MNI,0.1,0.1,0.904097820480107,0.00558498387839705,0.999127167618325,NA
rice,MNI,0.1,0.2,0.904413626572036,0.0120344943874356,0.998324888486448,NA
rice,MNI,0.2,0.01,0.907379480962378,0.00181662748450524,0.999391958653188,NA
rice,MNI,0.2,0.05,0.907647374847375,0.00489946551285314,0.999233958861869,NA
rice,MNI,0.2,0.1,0.907867628248316,0.00805696283366682,0.998755093045507,NA
rice,MNI,0.2,0.2,0.907785496421216,0.00932501141079939,0.998749611100573,NA
rice,MNI,0.4,0.01,0.903910279210386,0.00133379726281605,0.999575885722715,NA
rice,MNI,0.4,0.05,0.903108698446035,0.00419795221843003,0.999176880681742,NA
rice,MNI,0.4,0.1,0.903561843642209,0.00706677415481724,0.998820803433218,NA
rice,MNI,0.4,0.2,0.90333421487821,0.0101816627484505,0.998480355267803,NA
rice,MNI,0.7,0.01,0.892771018802241,0.0016657601305412,0.999175965804611,NA
rice,MNI,0.7,0.05,0.893093816511464,0.0062209766730298,0.998574156731655,NA
rice,MNI,0.7,0.1,0.892923694669612,0.00882944224999242,0.998347615848593,NA
rice,MNI,0.7,0.2,0.892964145893572,0.0126763976346815,0.997873198937422,NA
rice,RFI_pvariables,0.1,0.01,0.981619610659889,0.868364767645343,0.993469504007812,NA
rice,RFI_pvariables,0.1,0.05,0.979313230064626,0.843107594445737,0.99354710572289,NA
rice,RFI_pvariables,0.1,0.1,0.977280191401957,0.831350875850991,0.992766961819543,NA
rice,RFI_pvariables,0.1,0.2,0.974727240404159,0.811610150030619,0.992003988884632,NA
rice,RFI_pvariables,0.2,0.01,0.981676394134092,0.857235491192046,0.994098735597463,NA
rice,RFI_pvariables,0.2,0.05,0.98083163608369,0.852263224478418,0.993686327307653,NA
rice,RFI_pvariables,0.2,0.1,0.979431789166337,0.842069406003832,0.993274745268506,NA
rice,RFI_pvariables,0.2,0.2,0.976930901497984,0.822879229313315,0.992495419418015,NA
rice,RFI_pvariables,0.4,0.01,0.981728017040538,0.869222809841343,0.993743860510806,NA
rice,RFI_pvariables,0.4,0.05,0.980588932919383,0.860605226013013,0.993311228059502,NA
rice,RFI_pvariables,0.4,0.1,0.979439423560052,0.852338424981098,0.993013357067358,NA
rice,RFI_pvariables,0.4,0.2,0.977220731004032,0.83561032286128,0.99224438579452,NA
rice,RFI_pvariables,0.7,0.01,0.978670484288462,0.863517948370944,0.992447025965878,NA
rice,RFI_pvariables,0.7,0.05,0.977823040304026,0.857311416714135,0.992121093633718,NA
rice,RFI_pvariables,0.7,0.1,0.976550371410946,0.849203714323082,0.991791521008842,NA
rice,RFI_pvariables,0.7,0.2,0.973767851328926,0.832152636217464,0.990664580712847,NA
rice,SVD,0.1,0.01,0.959209969260221,0.712713696207506,0.984686624152078,NA
rice,SVD,0.1,0.05,0.959214251875682,0.715144740392399,0.984916260076799,NA
rice,SVD,0.1,0.1,0.958590735897158,0.714968611415078,0.984385163262651,NA
rice,SVD,0.1,0.2,0.958807220468075,0.713876361818129,0.984613015516661,NA
rice,SVD,0.2,0.01,0.960048426150121,0.70458952811894,0.985733783959444,NA
rice,SVD,0.2,0.05,0.959796793911639,0.705215079126817,0.985341073395759,NA
rice,SVD,0.2,0.1,0.959682633315298,0.706326984701536,0.985271963827762,NA
rice,SVD,0.2,0.2,0.959087632149641,0.704847105962841,0.984707314362356,NA
rice,SVD,0.4,0.01,0.957442209746338,0.706067905482909,0.984331384470034,NA
rice,SVD,0.4,0.05,0.957894320284134,0.706759569061663,0.984442191803466,NA
rice,SVD,0.4,0.1,0.957617995073458,0.706997168113184,0.984206441976357,NA
rice,SVD,0.4,0.2,0.9570449762236,0.70451446923327,0.983925685021756,NA
rice,SVD,0.7,0.01,0.954013259467805,0.716109380882303,0.982264200019508,NA
rice,SVD,0.7,0.05,0.953696529627313,0.714453377940859,0.982200502908722,NA
rice,SVD,0.7,0.1,0.953214280979464,0.711246456160647,0.982068364236026,NA
rice,SVD,0.7,0.2,0.95270615104264,0.710065145756255,0.981594077579756,NA
rice_chrom,beagle unphased,0.1,0.01,0.994002716780943,0.964163850325726,0.99710869497233,NA
rice_chrom,beagle unphased,0.1,0.05,0.995362785415424,0.972515256033313,0.997698441612066,NA
rice_chrom,beagle unphased,0.1,0.1,0.995207957422724,0.972328332247257,0.997574827435696,NA
rice_chrom,beagle unphased,0.1,0.2,0.994484996133768,0.968245333836649,0.997166369018452,NA
rice_chrom,beagle unphased,0.2,0.01,0.996727843330244,0.979784361124261,0.998403209385401,NA
rice_chrom,beagle unphased,0.2,0.05,0.996587269538875,0.979686408830415,0.998255555430803,NA
rice_chrom,beagle unphased,0.2,0.1,0.996512703181151,0.979344886421371,0.998216445741516,NA
rice_chrom,beagle unphased,0.2,0.2,0.995778071589589,0.974877508607889,0.997833322934129,NA
rice_chrom,beagle unphased,0.4,0.01,0.997192689858029,0.984252709223379,0.998566208571953,NA
rice_chrom,beagle unphased,0.4,0.05,0.997020089040401,0.982857442750441,0.998503861645992,NA
rice_chrom,beagle unphased,0.4,0.1,0.996758922903072,0.981736675035141,0.998334350257448,NA
rice_chrom,beagle unphased,0.4,0.2,0.995963999870525,0.976843541973114,0.998004993113008,NA
rice_chrom,beagle unphased,0.7,0.01,0.996147838838725,0.977653494289953,0.998321077748082,NA
rice_chrom,beagle unphased,0.7,0.05,0.995835160913407,0.975721635047901,0.998189849826314,NA
rice_chrom,beagle unphased,0.7,0.1,0.995217162450674,0.971800451060748,0.997984223748471,NA
rice_chrom,beagle unphased,0.7,0.2,0.993357656696036,0.958930792045945,0.997458008395087,NA
rice_chrom,beagle unphased (shuffle),0.1,0.01,0.969026173168392,0.806348685595035,0.986258358098322,NA
rice_chrom,beagle unphased (shuffle),0.1,0.05,0.968862997119315,0.801200229862414,0.986433848866193,NA
rice_chrom,beagle unphased (shuffle),0.1,0.1,0.967722582112405,0.796187840620928,0.985642620729177,NA
rice_chrom,beagle unphased (shuffle),0.1,0.2,0.964233319728168,0.773695269088334,0.984266996936464,NA
rice_chrom,beagle unphased (shuffle),0.2,0.01,0.968993032506961,0.793485869689036,0.986541512625501,NA
rice_chrom,beagle unphased (shuffle),0.2,0.05,0.96785800252708,0.788927919760869,0.985916171300112,NA
rice_chrom,beagle unphased (shuffle),0.2,0.1,0.966750076625593,0.779763651189994,0.985587368880338,NA
rice_chrom,beagle unphased (shuffle),0.2,0.2,0.963222757912259,0.7518720864161,0.984421601285555,NA
rice_chrom,beagle unphased (shuffle),0.4,0.01,0.965389003946215,0.780419764958904,0.984742849644717,NA
rice_chrom,beagle unphased (shuffle),0.4,0.05,0.963588762159174,0.7678895624265,0.984437007925088,NA
rice_chrom,beagle unphased (shuffle),0.4,0.1,0.961806730204631,0.753954564429022,0.983786490616717,NA
rice_chrom,beagle unphased (shuffle),0.4,0.2,0.95739567329533,0.713505293930279,0.983363744896808,NA
rice_chrom,beagle unphased (shuffle),0.7,0.01,0.951576521815818,0.699698325623321,0.981496399153734,NA
rice_chrom,beagle unphased (shuffle),0.7,0.05,0.949516465644919,0.682163393096073,0.981416801255443,NA
rice_chrom,beagle unphased (shuffle),0.7,0.1,0.947255829761741,0.65980778131523,0.981338870558956,NA
rice_chrom,beagle unphased (shuffle),0.7,0.2,0.941852709962,0.607734219269337,0.981480990286971,NA
rice_chrom,kNNI,0.1,0.01,0.986887062169054,0.911516306791819,0.99471009468519,NA
rice_chrom,kNNI,0.1,0.05,0.985724870620202,0.901489140801085,0.994533212175883,NA
rice_chrom,kNNI,0.1,0.1,0.985703659144849,0.902455484926713,0.994338107741748,NA
rice_chrom,kNNI,0.1,0.2,0.983348204186446,0.886185954016081,0.993553360490166,NA
rice_chrom,kNNI,0.2,0.01,0.988778391584039,0.925770124987857,0.994719556102286,NA
rice_chrom,kNNI,0.2,0.05,0.987829906336899,0.919062309801398,0.994438173272587,NA
rice_chrom,kNNI,0.2,0.1,0.986712835860726,0.911142883547332,0.994064467897986,NA
rice_chrom,kNNI,0.2,0.2,0.983045474682748,0.889736944659343,0.991909437911933,NA
rice_chrom,kNNI,0.4,0.01,0.986924242597047,0.923913966796997,0.993227041346323,NA
rice_chrom,kNNI,0.4,0.05,0.985254511437274,0.915571107443194,0.992263109297096,NA
rice_chrom,kNNI,0.4,0.1,0.982757002634136,0.90057237244057,0.990971462807284,NA
rice_chrom,kNNI,0.4,0.2,0.97728634655995,0.872983099579282,0.987788246447505,NA
rice_chrom,kNNI,0.7,0.01,0.974136494867849,0.873182337302447,0.985540062355504,NA
rice_chrom,kNNI,0.7,0.05,0.971496664575575,0.862229370080205,0.983982138618779,NA
rice_chrom,kNNI,0.7,0.1,0.9685822233623,0.851451012395769,0.981733352244589,NA
rice_chrom,kNNI,0.7,0.2,0.961278862260905,0.811405518668729,0.978348071348745,NA
rice_chrom,MNI,0.1,0.01,0.903383895662595,0.00228230884311891,0.99940639797006,NA
rice_chrom,MNI,0.1,0.05,0.904382106305681,0.00391493474363432,0.99921372218327,NA
rice_chrom,MNI,0.1,0.1,0.909615524084557,0.0660659176813952,0.999113775485696,NA
rice_chrom,MNI,0.1,0.2,0.904585498452288,0.0111552619623964,0.998408679595343,NA
rice_chrom,MNI,0.2,0.01,0.907536684676702,0.000487222259997396,0.999777482328887,NA
rice_chrom,MNI,0.2,0.05,0.906951228759718,0.00438974986157494,0.99920076876588,NA
rice_chrom,MNI,0.2,0.1,0.907943693397392,0.0187806315047748,0.998898890712,NA
rice_chrom,MNI,0.2,0.2,0.908043708572258,0.00955387356956918,0.998649334208658,NA
rice_chrom,MNI,0.4,0.01,0.901936989279814,0.00192592550748361,0.999389819209488,NA
rice_chrom,MNI,0.4,0.05,0.902810357790769,0.00339523244667446,0.999347622335373,NA
rice_chrom,MNI,0.4,0.1,0.902618974411084,0.00600265713602934,0.999007592114927,NA
rice_chrom,MNI,0.4,0.2,0.90342916443416,0.0115381616805491,0.998317758881617,NA
rice_chrom,MNI,0.7,0.01,0.891582455732037,0.00226350977985781,0.999104730342702,NA
rice_chrom,MNI,0.7,0.05,0.892301203708939,0.00645293745431963,0.998441282366442,NA
rice_chrom,MNI,0.7,0.1,0.891666051602521,0.00820589244108333,0.99843056134802,NA
rice_chrom,MNI,0.7,0.2,0.892178066083771,0.0129015022748989,0.997740201419798,NA
rice_chrom,RFI_pvariables,0.1,0.01,0.989549284581627,0.923065760135399,0.996482536570461,NA
rice_chrom,RFI_pvariables,0.1,0.05,0.988400255266211,0.914349546234355,0.995977015448086,NA
rice_chrom,RFI_pvariables,0.1,0.1,0.987252697356988,0.902932062401782,0.995838630002962,NA
rice_chrom,RFI_pvariables,0.1,0.2,0.984927799153115,0.885327641403959,0.995126766054464,NA
rice_chrom,RFI_pvariables,0.2,0.01,0.990107167076643,0.923925161796114,0.996636417949007,NA
rice_chrom,RFI_pvariables,0.2,0.05,0.989374093056202,0.917412822092116,0.996397664181013,NA
rice_chrom,RFI_pvariables,0.2,0.1,0.98842431191728,0.910853147054595,0.996081562319075,NA
rice_chrom,RFI_pvariables,0.2,0.2,0.986956687602111,0.899728323512543,0.995525507852818,NA
rice_chrom,RFI_pvariables,0.4,0.01,0.990080127259144,0.929262985160037,0.996307236608022,NA
rice_chrom,RFI_pvariables,0.4,0.05,0.989316098965773,0.923260040381809,0.996180794676105,NA
rice_chrom,RFI_pvariables,0.4,0.1,0.988683744968168,0.919131251119146,0.99595840797413,NA
rice_chrom,RFI_pvariables,0.4,0.2,0.987233766200173,0.908537371447781,0.995481295724755,NA
rice_chrom,RFI_pvariables,0.7,0.01,0.988537702356284,0.929863093963863,0.995380858963988,NA
rice_chrom,RFI_pvariables,0.7,0.05,0.987780897187839,0.924301238282716,0.995297611452453,NA
rice_chrom,RFI_pvariables,0.7,0.1,0.987308988830626,0.92026494314722,0.99518410443894,NA
rice_chrom,RFI_pvariables,0.7,0.2,0.985514416735521,0.909836445618132,0.994457458785255,NA
rice_chrom,SVD,0.1,0.01,0.978566691073938,0.856825189781468,0.990993911517175,NA
rice_chrom,SVD,0.1,0.05,0.978698041815719,0.859084272610767,0.991352119620339,NA
rice_chrom,SVD,0.1,0.1,0.978405425939465,0.855890118981049,0.991277460502482,NA
rice_chrom,SVD,0.1,0.2,0.978065574198575,0.855723862142472,0.99091795526625,NA
rice_chrom,SVD,0.2,0.01,0.979366495318069,0.852701603804524,0.992188222348527,NA
rice_chrom,SVD,0.2,0.05,0.978866504717887,0.853284901620169,0.991400640357412,NA
rice_chrom,SVD,0.2,0.1,0.979097322966682,0.853879469451408,0.991604905001839,NA
rice_chrom,SVD,0.2,0.2,0.978708929145799,0.852074348623656,0.991383204665843,NA
rice_chrom,SVD,0.4,0.01,0.978127539265422,0.85287724059595,0.991301153771507,NA
rice_chrom,SVD,0.4,0.05,0.978526951910573,0.855738664688465,0.991578877700466,NA
rice_chrom,SVD,0.4,0.1,0.978583312602556,0.857289418155625,0.991357120022837,NA
rice_chrom,SVD,0.4,0.2,0.978021404073445,0.854354410359544,0.991065263569431,NA
rice_chrom,SVD,0.7,0.01,0.976889362016487,0.85957418701612,0.990710233772491,NA
rice_chrom,SVD,0.7,0.05,0.977139864050402,0.864667212063067,0.990449487292387,NA
rice_chrom,SVD,0.7,0.1,0.976698782211141,0.860708534168451,0.990311239734139,NA
rice_chrom,SVD,0.7,0.2,0.97599459592941,0.85795066030336,0.989875500380815,NA
rice_chrom,fillin,0.1,0.01,0.850624763451951,0.627236099691351,0.880434942310025,NA
rice_chrom,fillin,0.1,0.05,0.843634289129944,0.611064314293234,0.87598615676833,NA
rice_chrom,fillin,0.1,0.1,0.840933227242941,0.605763778005179,0.873360676450174,NA
rice_chrom,fillin,0.1,0.2,0.837251173855992,0.592516963895183,0.870951637712539,NA
rice_chrom,fillin,0.2,0.01,0.868865767106511,0.639958646925433,0.899167171737685,NA
rice_chrom,fillin,0.2,0.05,0.867323095376733,0.635049173060587,0.898403898703283,NA
rice_chrom,fillin,0.2,0.1,0.863865747829067,0.623452499409298,0.896089417645165,NA
rice_chrom,fillin,0.2,0.2,0.860923635500143,0.619887390951381,0.893195276200848,NA
rice_chrom,fillin,0.4,0.01,0.883184761464184,0.649030274080838,0.91502645410428,NA
rice_chrom,fillin,0.4,0.05,0.882315245739951,0.644712997800103,0.914536595491109,NA
rice_chrom,fillin,0.4,0.1,0.881347729938272,0.641311798907251,0.913927376339199,NA
rice_chrom,fillin,0.4,0.2,0.880647872996948,0.645631327053323,0.912577028540051,NA
rice_chrom,fillin,0.7,0.01,0.888699574334635,0.661650471573124,0.920949983515489,NA
rice_chrom,fillin,0.7,0.05,0.888865479376754,0.660506882623204,0.920739415680917,NA
rice_chrom,fillin,0.7,0.1,0.888276001525582,0.662378472572483,0.919786703125719,NA
rice_chrom,fillin,0.7,0.2,0.886348732946025,0.659713254804259,0.917885519206005,NA
rice_chrom,fillin (shuffle),0.1,0.01,0.807641067878304,0.533903616905087,0.845330419859276,NA
rice_chrom,fillin (shuffle),0.1,0.05,0.806920240871694,0.53463298789598,0.844788031761251,NA
rice_chrom,fillin (shuffle),0.1,0.1,0.804328202280654,0.52772169088263,0.842732286665229,NA
rice_chrom,fillin (shuffle),0.1,0.2,0.803292031903218,0.523030294358174,0.842287983272433,NA
rice_chrom,fillin (shuffle),0.2,0.01,0.821497031846817,0.558035656321887,0.856693942536746,NA
rice_chrom,fillin (shuffle),0.2,0.05,0.820141120403742,0.552374580962086,0.856214981272719,NA
rice_chrom,fillin (shuffle),0.2,0.1,0.818644513978747,0.548782186915491,0.854908086017138,NA
rice_chrom,fillin (shuffle),0.2,0.2,0.81858433939584,0.545481627719909,0.855303729261505,NA
rice_chrom,fillin (shuffle),0.4,0.01,0.832018965019668,0.572820808654245,0.867550571225784,NA
rice_chrom,fillin (shuffle),0.4,0.05,0.831398472185672,0.573232896504126,0.866618835218061,NA
rice_chrom,fillin (shuffle),0.4,0.1,0.831704822285441,0.573777282727188,0.866907472273538,NA
rice_chrom,fillin (shuffle),0.4,0.2,0.832478067238287,0.574002210859041,0.867813010127874,NA
rice_chrom,fillin (shuffle),0.7,0.01,0.83089014552572,0.580396313882218,0.865937152986713,NA
rice_chrom,fillin (shuffle),0.7,0.05,0.830732314449318,0.580060309380785,0.865857420554536,NA
rice_chrom,fillin (shuffle),0.7,0.1,0.831086217861972,0.580364942785635,0.866291855849048,NA
rice_chrom,fillin (shuffle),0.7,0.2,0.829786626911626,0.579248704664645,0.864927638579983,NA
